{"constants":{"lambda":{"fission":[8.5e-11,1e-12],"U238":[0.000155125,8.3e-8],"U235":[0.00098485,6.7e-7],"U234":[0.00282206,8e-7],"Th232":[0.0000495,0.0000025],"Th230":[0.0091705,0.0000016],"Pa231":[0.021158,0.00071],"Ra226":[0.4332,0.0019],"Rb87":[0.000013972,4.5e-7],"Re187":[0.00001666,8.5e-8],"Sm147":[0.000006524,1.2e-8],"K40":[0.00055305,0.00000132],"Lu176":[0.00001867,8e-8]},"iratio":{"Ar40Ar36":[298.56,0.31],"Ar38Ar36":[0.1885,0.0003],"Ca40Ca44":[46.48,0.044],"Rb85Rb87":[2.59265,0.00085],"Sr84Sr86":[0.056549,0.0000715],"Sr87Sr86":[0.69938,0.00006],"Sr88Sr86":[8.37861,0.001624],"Re185Re187":[0.59738,0.000195],"Os184Os192":[0.000485,0.00011],"Os186Os192":[0.03889,0.00011],"Os187Os192":[0.04817,0.00003],"Os188Os192":[0.32474,0.00005],"Os189Os192":[0.39593,0.00004],"Os190Os192":[0.64388,0.00045],"Th230Th232":[0,0],"U234U238":[0,0],"U238U235":[137.818,0.0225],"Pb206Pb204":[9.307,0],"Pb207Pb204":[10.294,0],"Pb207Pb206":[1.106,0],"Pb208Pb204":[29.476,0],"Pb208Pb206":[3.1671,0],"Pb208Pb207":[2.8634,0],"Sm144Sm152":[0.115117,0.000189],"Sm147Sm152":[0.561134,0.000622],"Sm148Sm152":[0.420634,0.000392],"Sm149Sm152":[0.516973,0.000393],"Sm150Sm152":[0.275438,0.000459],"Sm154Sm152":[0.850468,0.000484],"Nd142Nd144":[1.14101,0.0007],"Nd143Nd144":[0.51154,0.0004],"Nd145Nd144":[0.34848,0.00015],"Nd146Nd144":[0.72228,0.00051],"Nd148Nd144":[0.24186,0.0003],"Nd150Nd144":[0.23691,0.00042],"Lu176Lu175":[0.02668,0.000013],"Hf174Hf177":[0.00871,0.00005],"Hf176Hf177":[0.2829,0.003],"Hf178Hf177":[1.4671,0.0001],"Hf179Hf177":[0.7325,0],"Hf180Hf177":[1.88651,0.00012]},"imass":{"U":[238.02891,0.00003],"Rb":[85.46776,0.00026],"Rb85":[84.9117924,0.0000027],"Rb87":[86.9091828,0.0000028],"Sr":[87.62,0.01],"Sr84":[83.913426,0.000004],"Sr86":[85.9092647,0.0000025],"Sr87":[86.9088816,0.0000025],"Sr88":[87.9056167,0.0000025],"Re":[186.20679,0.00031],"Re185":[184.952955,0.000003],"Re187":[186.9557505,0.000003],"Os":[190.23,0.003],"Os184":[183.952491,0.000003],"Os186":[185.953838,0.000003],"Os187":[186.9557476,0.000003],"Os188":[187.9558357,0.000003],"Os189":[188.958145,0.000003],"Os190":[189.958445,0.000003],"Os192":[191.961479,0.000004],"Sm":[150.36,0.03],"Nd":[144.2415,0.0013],"Lu":[174.9668,0.0001],"Hf":[178.49,0.02]},"etchfact":{"apatite":0.93,"zircon":1},"tracklength":{"apatite":16.2,"zircon":10.6},"mindens":{"apatite":3.22,"zircon":4.7}},"settings":{"language":"en","geochronometer":"U-Th-He","plotdevice":"helioplot","ierr":1,"oerr":2,"alpha":0.05,"sigdig":2,"par":{"cex":1},"fissiontracks":{"format":1,"mineral":"apatite"},"detritals":{"format":1,"hide":[]},"U-Pb":{"format":2,"type":5,"cutoff76":1100,"cutoffdisc":0,"discoption":5,"mindisc":[-50,-5,-0.3,-2,-2],"maxdisc":[140,15,1,6,7],"commonPb":0,"diseq":false,"U48":[1,0],"ThU":[1,0],"RaU":[1,0],"PaU":[1,0]},"Th-U":{"format":2,"Th0i":0,"U8Th2":0,"Th02i":[0,0],"Th02U48":[0,0,1000000,0,0,0,0,0,0]},"Pb-Pb":{"format":3,"commonPb":2,"projerr":false,"inverse":true},"Ar-Ar":{"format":3,"i2i":false,"projerr":false,"inverse":true},"Th-Pb":{"format":2,"i2i":true,"projerr":false,"inverse":true},"K-Ca":{"format":1,"i2i":true,"projerr":false,"inverse":false},"Rb-Sr":{"format":1,"i2i":true,"projerr":false,"inverse":false},"Sm-Nd":{"format":1,"i2i":true,"projerr":false,"inverse":false},"Re-Os":{"format":1,"i2i":true,"projerr":false,"inverse":false},"Lu-Hf":{"format":1,"i2i":true,"projerr":false,"inverse":false},"U-Th-He":{},"other":{"format":1},"concordia":{"mint":"auto","maxt":"auto","minx":"auto","maxx":"auto","miny":"auto","maxy":"auto","type":1,"exterr":false,"shownumbers":false,"showage":0,"anchor":0,"tanchor":0,"ellipsefill":{"option":"custom_ramp","alpha":0.5,"ramp_start":"#00FF00","ramp_end":"#FF0000"},"ellipsestroke":"#000000","clabel":"","ticks":"auto"},"evolution":{"min08":"auto","max08":"auto","min48":"auto","max48":"auto","mint":"auto","maxt":"auto","transform":false,"exterr":false,"isochron":false,"shownumbers":false,"ellipsefill":{"option":"custom_ramp","alpha":0.5,"ramp_start":"#00FF00","ramp_end":"#FF0000"},"ellipsestroke":"#000000","model":1,"clabel":""},"isochron":{"UPbtype":1,"ThUtype":2,"y0option":1,"model":1,"exterr":false,"joint":true,"anchor":0,"tanchor":0,"shownumbers":false,"minx":"auto","maxx":"auto","miny":"auto","maxy":"auto","ellipsefill":{"option":"custom_ramp","alpha":0.5,"ramp_start":"#00FF00","ramp_end":"#FF0000"},"ellipsestroke":"#000000","growth":false,"clabel":""},"regression":{"model":1,"shownumbers":false,"minx":"auto","maxx":"auto","miny":"auto","maxy":"auto","ellipsefill":{"option":"custom_ramp","alpha":0.5,"ramp_start":"#00FF00","ramp_end":"#FF0000"},"ellipsestroke":"#000000","clabel":""},"radial":{"transformation":"log","mint":"auto","z0":"auto","maxt":"auto","pch":21,"cex":1,"bg":{"option":"custom_ramp","ramp_start":"#00FF00","ramp_end":"#FF0000","reverse":false},"shownumbers":false,"numpeaks":0,"clabel":"","exterr":false},"average":{"outliers":true,"exterr":false,"randomeffects":false,"mint":"auto","maxt":"auto","ranked":false,"bg":{"option":"custom_ramp","ramp_start":"#00FF00","ramp_end":"#FF0000","reverse":false},"outliercol":"#00FFFF","rect_alpha":0.5,"clabel":""},"spectrum":{"plateau":true,"exterr":false,"randomeffects":false,"bg":{"option":"custom_ramp","ramp_start":"#00FF00","ramp_end":"#FF0000","reverse":false},"nonplateaucol":"#00FFFF","nonplateau_alpha":0.5,"clabel":""},"KDE":{"ncol":"auto","xlab":"age [Ma]","showhist":true,"bw":"auto","samebandwidth":true,"normalise":true,"log":false,"adaptive":true,"minx":"auto","maxx":"auto","bandwidth":"auto","binwidth":"auto","rugdetritals":false,"rug":true},"CAD":{"pch":"none","verticals":true,"colmap":"rainbow"},"set-zeta":{"exterr":false},"MDS":{"classical":false,"shepard":false,"nnlines":false,"pch":21,"pos":0,"cex":5,"col":"#000000","bg":"#FFFFFF"},"helioplot":{"logratio":true,"shownumbers":false,"showcentralcomp":true,"minx":"auto","maxx":"auto","miny":"auto","maxy":"auto","fact":"auto","ellipsefill":{"option":"custom_ramp","alpha":0.5,"ramp_start":"#00FF00","ramp_end":"#FF0000"},"ellipsestroke":"#000000","model":1,"clabel":""},"ages":{"showdisc":0,"discoption":5,"exterr":false}},"data":{"U-Pb":{},"Ar-Ar":{},"K-Ca":{},"Rb-Sr":{},"Sm-Nd":{},"Re-Os":{},"Lu-Hf":{},"U-Th-He":{"ierr":1,"data":{"He":["3.6","2.97","1.27","0.9","1.22","2.29","1.58","3.49","3.47","2.7","3.96","4.26","5.6","5.6","4.36","1.45","1.52","3.65","1.69","0.95","2.15","1.2","2.77","1.76","0.76","0.95","0.47","18.88",null,null,null,null,null,null,null,null,null,null,null,null,null,null,null,null,null,null,null,null,null,null,null,null,null,null,null,null,null,null,null,null,null,null,null,null,null,null,null,null,null,null,null,null,null,null,null,null,null,null,null,null,null,null,null,null,null,null,null,null,null,null,null,null,null,null,null,null,null,null,null,null],"err[He]":["0.22","0.18","0.08","0.05","0.07","0.14","0.1","0.21","0.21","0.16","0.24","0.26","0.34","0.34","0.26","0.09","0.09","0.22","0.1","0.06","0.13","0.07","0.17","0.11","0.05","0.06","0.03","1.13",null,null,null,null,null,null,null,null,null,null,null,null,null,null,null,null,null,null,null,null,null,null,null,null,null,null,null,null,null,null,null,null,null,null,null,null,null,null,null,null,null,null,null,null,null,null,null,null,null,null,null,null,null,null,null,null,null,null,null,null,null,null,null,null,null,null,null,null,null,null,null,null],"U":["222.97","151.34","59.22","51.24","59.57","128.78","75.99","176.94","170.96","142.77","229.62","239.94","313.97","213.98","203.95","60.27","70.43","211.81","92.66","55.36","109.53","61.46","137.37","102.93","59.21","52.95","24.94","1086.21",null,null,null,null,null,null,null,null,null,null,null,null,null,null,null,null,null,null,null,null,null,null,null,null,null,null,null,null,null,null,null,null,null,null,null,null,null,null,null,null,null,null,null,null,null,null,null,null,null,null,null,null,null,null,null,null,null,null,null,null,null,null,null,null,null,null,null,null,null,null,null,null],